{"eval_loss": 1.0375303030014038, "eval_accuracy": 0.699999988079071, "eval_runtime": 0.3, "eval_samples_per_second": 33.33, "eval_steps_per_second": 6.666}